UserName,FullName,Description,Password
farukhnagar1,farukhnagar1,Scan-pc,nysaa@123
Farukhnagar10,Farukhnagar10,Scan-pc,nysaa@123
Farukhnagar11,Farukhnagar11,Scan-pc,nysaa@123
Farukhnagar12,Farukhnagar12,Scan-pc,nysaa@123
Farukhnagar13,Farukhnagar13,Scan-pc,nysaa@123
Farukhnagar14,Farukhnagar14,Scan-pc,nysaa@123
Farukhnagar15,Farukhnagar15,Scan-pc,nysaa@123
Farukhnagar16,Farukhnagar16,Scan-pc,nysaa@123
farukhnagar2,farukhnagar2,Scan-pc,nysaa@123
farukhnagar3,farukhnagar3,Scan-pc,nysaa@123
farukhnagar4,farukhnagar4,Scan-pc,nysaa@123
farukhnagar5,farukhnagar5,Scan-pc,nysaa@123
Farukhnagar6,Farukhnagar6,Scan-pc,nysaa@123
Farukhnagar7,Farukhnagar7,Scan-pc,nysaa@123
farukhnagar8,farukhnagar8,Scan-pc,nysaa@123
Farukhnagar9,Farukhnagar9,Scan-pc,nysaa@123
po,po,Scan-pc,nysaa@123
QC,QC,Scan-pc,nysaa@123
scan10,scan10,Scan-pc,nysaa@123
scan11,scan11,Scan-pc,nysaa@123
scan12,scan12,Scan-pc,nysaa@123
scan13,scan13,Scan-pc,nysaa@123
scan14,scan14,Scan-pc,nysaa@123
scan15,scan15,Scan-pc,nysaa@123
scan16,scan16,Scan-pc,nysaa@123
scan17,scan17,Scan-pc,nysaa@123
scan18,scan18,Scan-pc,nysaa@123
scan19,scan19,Scan-pc,nysaa@123
scan2,scan2,Scan-pc,nysaa@123
scan20,scan20,Scan-pc,nysaa@123
scan21,scan21,Scan-pc,nysaa@123
scan22,scan22,Scan-pc,nysaa@123
scan23,scan23,Scan-pc,nysaa@123
scan24,scan24,Scan-pc,nysaa@123
scan25,scan25,Scan-pc,nysaa@123
scan26,scan26,Scan-pc,nysaa@123
scan27,scan27,Scan-pc,nysaa@123
scan28,scan28,Scan-pc,nysaa@123
scan29,scan29,Scan-pc,nysaa@123
scan3,scan3,Scan-pc,nysaa@123
scan30,scan30,Scan-pc,nysaa@123
scan31,scan31,Scan-pc,nysaa@123
scan32,scan32,Scan-pc,nysaa@123
scan33,scan33,Scan-pc,nysaa@123
scan34,scan34,Scan-pc,nysaa@123
scan35,scan35,Scan-pc,nysaa@123
scan36,scan36,Scan-pc,nysaa@123
scan37,scan37,Scan-pc,nysaa@123
scan38,scan38,Scan-pc,nysaa@123
scan39,scan39,Scan-pc,nysaa@123
scan4,scan4,Scan-pc,nysaa@123
scan40,scan40,Scan-pc,nysaa@123
scan41,scan41,Scan-pc,nysaa@123
scan42,scan42,Scan-pc,nysaa@123
scan43,scan43,Scan-pc,nysaa@123
scan44,scan44,Scan-pc,nysaa@123
scan45,scan45,Scan-pc,nysaa@123
scan46,scan46,Scan-pc,nysaa@123
scan47,scan47,Scan-pc,nysaa@123
scan48,scan48,Scan-pc,nysaa@123
scan49,scan49,Scan-pc,nysaa@123
scan5,scan5,Scan-pc,nysaa@123
scan50,scan50,Scan-pc,nysaa@123
scan51,scan51,Scan-pc,nysaa@123
scan52,scan52,Scan-pc,nysaa@123
scan53,scan53,Scan-pc,nysaa@123
scan54,scan54,Scan-pc,nysaa@123
scan55,scan55,Scan-pc,nysaa@123
scan56,scan56,Scan-pc,nysaa@123
scan57,scan57,Scan-pc,nysaa@123
scan58,scan58,Scan-pc,nysaa@123
scan59,scan59,Scan-pc,nysaa@123
scan6,scan6,Scan-pc,nysaa@123
scan60,scan60,Scan-pc,nysaa@123
scan61,scan61,Scan-pc,nysaa@123
scan62,scan62,Scan-pc,nysaa@123
scan63,scan63,Scan-pc,nysaa@123
scan64,scan64,Scan-pc,nysaa@123
scan65,scan65,Scan-pc,nysaa@123
scan66,scan66,Scan-pc,nysaa@123
scan67,scan67,Scan-pc,nysaa@123
scan68,scan68,Scan-pc,nysaa@123
scan69,scan69,Scan-pc,nysaa@123
scan7,scan7,Scan-pc,nysaa@123
scan70,scan70,Scan-pc,nysaa@123
scan71,scan71,Scan-pc,nysaa@123
scan72,scan72,Scan-pc,nysaa@123
scan73,scan73,Scan-pc,nysaa@123
Scan74,Scan74,Scan-pc,nysaa@123
scan8,scan8,Scan-pc,nysaa@123
scan9,scan9,Scan-pc,nysaa@123
